city,name,tier,stars,distance_m,shuttle,booking_sar,agoda_sar,expedia_sar,map_url,active,id
Makkah,Fairmont Makkah Clock Royal Tower,premium,5,50,no,1310,1270,1350,,yes,fairmont-makkah
Makkah,Swissôtel Al Maqam Makkah,premium,5,50,no,1090,1060,1120,,yes,swissotel-maqam
Makkah,Pullman ZamZam Makkah,premium,5,100,no,850,830,880,,yes,pullman-zamzam-makkah
Makkah,Anjum Hotel Makkah,standard,5,200,no,610,590,630,,yes,anjum-makkah
Makkah,Elaf Ajyad Hotel,standard,4,400,no,390,370,,,yes,elaf-ajyad
Makkah,Emaar Grand Hotel,standard,4,600,no,320,310,340,,yes,emaar-grand
Makkah,Le Méridien Towers Makkah,economy,4,3000,yes,280,260,290,,yes,le-meridien-towers
Makkah,Al Kiswah Towers Hotel,economy,4,2500,yes,230,230,240,,yes,kiswah-towers
Madinah,The Oberoi Madinah,premium,5,50,no,1170,1150,1210,,yes,oberoi-madinah
Madinah,Dar Al Taqwa Hotel,premium,5,50,no,690,670,710,,yes,dar-al-taqwa
Madinah,Anwar Al Madinah Mövenpick,premium,5,100,no,560,540,570,,yes,anwar-movenpick
Madinah,Madinah Hilton,premium,5,100,no,600,590,620,,yes,madinah-hilton
Madinah,Pullman ZamZam Madinah,standard,5,300,no,440,420,450,,yes,pullman-zamzam-madinah
Madinah,Al Aqeeq Madinah Hotel,standard,4,250,no,310,300,320,,yes,al-aqeeq-madinah
Madinah,Leader Al Muna Kareem,economy,4,300,no,260,250,,,yes,leader-al-muna
Madinah,Zowar International Hotel,economy,3,500,no,170,160,170,,yes,zowar-international
